{
  "obj_id": 14,
  "num_keypoints": 15,
  "keypoints_3D": [
    [
      -0.00199393,
      0.00269481,
      -0.00849888
    ],
    [
      0.0282142,
      -0.0170762,
      -0.071774
    ],
    [
      -0.0602392,
      0.0091025,
      0.104996
    ],
    [
      0.0966364,
      -0.0391799,
      0.0786518
    ],
    [
      -0.0998308,
      0.0486714,
      -0.0969651
    ],
    [
      0.0452119,
      0.0542311,
      0.0242178
    ],
    [
      -0.0624262,
      -0.0421065,
      -0.099623
    ],
    [
      0.0055016,
      -0.0308566,
      0.0448648
    ],
    [
      -0.0139221,
      0.0539023,
      -0.096757
    ],
    [
      0.0742005,
      -0.0408993,
      -0.0036619
    ],
    [
      0.0438943,
      0.0167499,
      0.0936648
    ],
    [
      -0.006358,
      0.0282156,
      -0.0235105
    ],
    [
      -0.0152667,
      0.0320463,
      0.0593428
    ],
    [
      0.0919154,
      0.0482363,
      0.0673068
    ],
    [
      0.0693479,
      0.0179358,
      -0.0181058
    ]
  ]
}