{
  "obj_id": 15,
  "num_keypoints": 15,
  "keypoints_3D": [
    [
      -0.00535965,
      -0.0090641,
      -0.03178585
    ],
    [
      -0.0333298,
      -0.0519169,
      -0.0817832
    ],
    [
      -0.0101223,
      -0.0271229,
      0.0915867
    ],
    [
      -0.0038379,
      0.0729849,
      -0.0243855
    ],
    [
      0.0463641,
      0.0072564,
      -0.0793277
    ],
    [
      0.0100339,
      -0.0607272,
      0.0036516
    ],
    [
      -0.0373104,
      0.0315644,
      -0.0879908
    ],
    [
      -0.0398922,
      0.0001733,
      -0.0139607
    ],
    [
      0.036755,
      -0.0635682,
      -0.0715871
    ],
    [
      0.0196582,
      0.0642833,
      -0.0821688
    ],
    [
      0.0157485,
      -0.0159933,
      -0.0345573
    ],
    [
      -0.0068656,
      -0.0135669,
      0.0344777
    ],
    [
      -0.0379469,
      -0.0558633,
      -0.0251389
    ],
    [
      -0.0042525,
      -0.0090571,
      -0.0839437
    ],
    [
      -0.0085157,
      -0.0618489,
      0.0530587
    ]
  ]
}