{
  "obj_id": 8,
  "num_keypoints": 15,
  "keypoints_3D": [
    [
      -0.01159772,
      -0.00050721,
      0.01078397
    ],
    [
      -0.0851721,
      0.0271747,
      0.0553571
    ],
    [
      0.041817,
      -0.021577,
      -0.102533
    ],
    [
      0.114738,
      -0.0039728,
      0.0895442
    ],
    [
      0.018887,
      -0.0022339,
      0.0107861
    ],
    [
      -0.0646352,
      0.0094542,
      -0.0963116
    ],
    [
      0.0127168,
      -0.0012401,
      0.101553
    ],
    [
      -0.0522799,
      -0.0055599,
      -0.0205459
    ],
    [
      -0.0373041,
      -0.031165,
      0.0531621
    ],
    [
      0.001973,
      0.0360232,
      -0.0952365
    ],
    [
      0.0601624,
      0.0184069,
      0.0600531
    ],
    [
      -0.0203756,
      -0.0364549,
      -0.101287
    ],
    [
      -0.0176643,
      0.0294786,
      0.0526781
    ],
    [
      -0.104938,
      -0.0244209,
      0.0312401
    ],
    [
      -0.002881,
      -0.0051057,
      -0.0535475
    ]
  ]
}