{
  "obj_id": 6,
  "num_keypoints": 15,
  "keypoints_3D": [
    [
      0.00023121,
      -0.00201549,
      -0.01328255
    ],
    [
      -0.0098392,
      0.0504696,
      0.0315456
    ],
    [
      0.0210611,
      -0.0615181,
      -0.0542087
    ],
    [
      -0.0274429,
      0.0207841,
      -0.0569346
    ],
    [
      0.0013448,
      -0.0545936,
      0.0255383
    ],
    [
      0.0185875,
      0.0034214,
      -0.0090781
    ],
    [
      -0.0326254,
      -0.0377601,
      -0.0540536
    ],
    [
      0.0275001,
      0.027813,
      -0.057959
    ],
    [
      0.0120627,
      0.0071267,
      0.0552023
    ],
    [
      -0.0260997,
      0.004744,
      0.015631
    ],
    [
      -0.0140352,
      -0.0310299,
      -0.0122067
    ],
    [
      -0.0116452,
      0.037943,
      -0.0137133
    ],
    [
      0.0254883,
      0.0300811,
      0.0226283
    ],
    [
      -8.77e-05,
      -0.008309,
      -0.0435869
    ],
    [
      0.0224826,
      -0.0342635,
      -0.0252074
    ]
  ]
}