{
  "obj_id": 5,
  "num_keypoints": 15,
  "keypoints_3D": [
    [
      0.00027832,
      0.00424914,
      -0.020324
    ],
    [
      -0.0080273,
      0.0557049,
      -0.0795385
    ],
    [
      0.0012705,
      0.006302,
      0.096397
    ],
    [
      -0.0060933,
      -0.0706847,
      -0.0202746
    ],
    [
      0.0477824,
      0.0172083,
      0.0013454
    ],
    [
      -0.0485596,
      0.0106845,
      0.013091
    ],
    [
      0.0350964,
      -0.0274034,
      -0.0937359
    ],
    [
      0.0028314,
      0.088323,
      -0.0013848
    ],
    [
      -0.0424456,
      -0.0170875,
      -0.069874
    ],
    [
      0.0452718,
      0.025511,
      -0.0608797
    ],
    [
      0.0041253,
      -0.0231737,
      0.021577
    ],
    [
      0.0327117,
      -0.0287782,
      -0.034334
    ],
    [
      0.0446575,
      0.0034308,
      0.058114
    ],
    [
      -0.028009,
      0.0469646,
      -0.0262096
    ],
    [
      -0.0002616,
      0.0372796,
      0.020115
    ]
  ]
}