{
  "obj_id": 12,
  "num_keypoints": 15,
  "keypoints_3D": [
    [
      -0.0036947,
      0.00236807,
      -0.00644988
    ],
    [
      0.0012851,
      -0.0266466,
      0.013895
    ],
    [
      0.0442851,
      0.0481457,
      -0.037705
    ],
    [
      -0.0432355,
      0.0296682,
      -0.042005
    ],
    [
      0.0421351,
      0.0361182,
      0.0409671
    ],
    [
      -0.0424672,
      -0.0412818,
      -0.039855
    ],
    [
      0.0487106,
      -0.0219318,
      -0.037705
    ],
    [
      -0.0159149,
      0.0490182,
      0.0139386
    ],
    [
      -0.0460149,
      -0.0047318,
      -9.7e-05
    ],
    [
      0.0055851,
      0.0103182,
      -0.0315558
    ],
    [
      0.0446351,
      -0.0154818,
      0.039695
    ],
    [
      0.0055851,
      -0.0469123,
      -0.031255
    ],
    [
      0.0055851,
      0.0146182,
      0.0298295
    ],
    [
      -0.0352649,
      -0.0459406,
      0.003145
    ],
    [
      -0.0094649,
      0.0490182,
      -0.0281243
    ]
  ]
}