{
  "obj_id": 9,
  "num_keypoints": 15,
  "keypoints_3D": [
    [
      0.00242109,
      0.00021445,
      -0.0129604
    ],
    [
      -0.0020994,
      0.0117574,
      1.98e-05
    ],
    [
      0.046728,
      -0.0135908,
      -0.0401141
    ],
    [
      -0.0354824,
      -0.0236476,
      -0.0381239
    ],
    [
      0.0440857,
      -0.0068009,
      0.0209951
    ],
    [
      0.0216419,
      0.0319062,
      -0.040411
    ],
    [
      -0.0303699,
      0.0260363,
      -0.0388646
    ],
    [
      0.0074866,
      -0.0336071,
      -0.0201031
    ],
    [
      0.0018624,
      -0.0099197,
      0.0407914
    ],
    [
      -0.0466694,
      0.0039089,
      -0.0027115
    ],
    [
      -0.0010597,
      -0.0003792,
      -0.0420148
    ],
    [
      0.0365027,
      0.0113335,
      -0.0119568
    ],
    [
      0.0141842,
      -0.0224144,
      0.0118369
    ],
    [
      -0.0204539,
      -0.0157977,
      -0.008908
    ],
    [
      0.019098,
      0.0146993,
      0.0266096
    ]
  ]
}