{
  "obj_id": 4,
  "num_keypoints": 15,
  "keypoints_3D": [
    [
      -0.01478366,
      0.00146101,
      -0.00713401
    ],
    [
      -0.0607914,
      0.0620638,
      -0.0193466
    ],
    [
      0.0670034,
      -0.0103907,
      -0.0028697
    ],
    [
      -0.0548219,
      -0.0679932,
      0.0195177
    ],
    [
      -0.0107869,
      0.0139897,
      0.0495203
    ],
    [
      -0.0190693,
      -0.015506,
      -0.0476997
    ],
    [
      0.0174433,
      0.0493472,
      -0.0201936
    ],
    [
      -0.066316,
      -0.0008159,
      0.0077016
    ],
    [
      0.0044803,
      -0.0415652,
      0.016038
    ],
    [
      -0.0566145,
      -0.0677992,
      -0.0458652
    ],
    [
      -0.0656328,
      0.0137173,
      -0.0451816
    ],
    [
      -0.0032492,
      -0.0652883,
      -0.0336025
    ],
    [
      0.0358852,
      0.0248317,
      0.023354
    ],
    [
      0.0319714,
      0.0027074,
      -0.0412618
    ],
    [
      -0.0288629,
      0.0566617,
      0.0227917
    ]
  ]
}