{
  "obj_id": 7,
  "num_keypoints": 15,
  "keypoints_3D": [
    [
      -0.00640312,
      0.00084916,
      0.00706404
    ],
    [
      -0.0329562,
      0.012511,
      -0.0243172
    ],
    [
      0.0574097,
      -0.004443,
      0.0372953
    ],
    [
      -0.0224937,
      -0.0437732,
      0.0431078
    ],
    [
      -0.0073812,
      0.0403624,
      0.0454328
    ],
    [
      0.0132448,
      -0.023043,
      -0.0033922
    ],
    [
      -0.0579387,
      0.007182,
      0.0384578
    ],
    [
      0.0100563,
      0.0270861,
      9.53e-05
    ],
    [
      -0.0370782,
      -0.030018,
      -0.0010672
    ],
    [
      0.0090737,
      0.002532,
      -0.0429171
    ],
    [
      0.0205188,
      -0.030018,
      0.0428306
    ],
    [
      -0.0352812,
      0.0337687,
      0.0128828
    ],
    [
      -0.0236562,
      -0.0244699,
      -0.0405921
    ],
    [
      0.0188624,
      0.009507,
      0.0361328
    ],
    [
      -0.0515562,
      0.002532,
      0.003757
    ]
  ]
}