{
  "obj_id": 11,
  "num_keypoints": 15,
  "keypoints_3D": [
    [
      -0.00018762,
      6.456e-05,
      -0.02364122
    ],
    [
      0.015494,
      -0.015955,
      -0.0073843
    ],
    [
      0.0003111,
      0.0053904,
      0.0859639
    ],
    [
      -0.0124399,
      0.0317775,
      -0.0847123
    ],
    [
      0.0073067,
      -0.037177,
      -0.0762814
    ],
    [
      -0.0114441,
      0.0342681,
      -0.0249297
    ],
    [
      -0.0103177,
      0.014479,
      0.0317019
    ],
    [
      0.0166566,
      0.0070834,
      -0.0545396
    ],
    [
      -0.0150613,
      -0.0328293,
      -0.0364945
    ],
    [
      -0.0116849,
      -0.0267442,
      0.0222407
    ],
    [
      -0.0176636,
      -0.0062078,
      -0.0740443
    ],
    [
      0.0143608,
      0.0223374,
      0.0023653
    ],
    [
      -0.0161913,
      0.002105,
      -0.0032533
    ],
    [
      0.0043967,
      -0.0101926,
      0.0533419
    ],
    [
      -0.0150053,
      0.0023106,
      -0.0396227
    ]
  ]
}