{
  "obj_id": 2,
  "num_keypoints": 15,
  "keypoints_3D": [
    [
      0.01102591,
      -0.00073222,
      -0.02988468
    ],
    [
      0.0123025,
      -0.0178971,
      0.0439721
    ],
    [
      0.0905719,
      -0.0019537,
      -0.107092
    ],
    [
      -0.0708535,
      0.022383,
      -0.0926023
    ],
    [
      0.0532234,
      0.0584881,
      -0.023509
    ],
    [
      0.0075829,
      -0.0299273,
      -0.0565234
    ],
    [
      -0.0920255,
      -0.0041247,
      -0.0032999
    ],
    [
      0.0665464,
      0.000135,
      0.107388
    ],
    [
      0.0864643,
      -0.0243331,
      -0.025008
    ],
    [
      -0.0113591,
      0.0305359,
      -0.0053499
    ],
    [
      -0.0369285,
      -0.0319937,
      -0.104469
    ],
    [
      0.0392418,
      0.0232539,
      -0.0762214
    ],
    [
      -0.054128,
      -0.0263937,
      -0.0459026
    ],
    [
      0.0375196,
      -0.0580945,
      -0.0119061
    ],
    [
      -0.0182971,
      0.0252,
      -0.0641703
    ]
  ]
}