{
  "obj_id": 3,
  "num_keypoints": 15,
  "keypoints_3D": [
    [
      -0.00050058,
      0.00014271,
      0.00115629
    ],
    [
      0.0386788,
      0.0646167,
      0.0083021
    ],
    [
      -0.0482951,
      -0.067748,
      0.0313775
    ],
    [
      0.067524,
      -0.0467043,
      0.031466
    ],
    [
      -0.0707759,
      0.0431075,
      0.0298114
    ],
    [
      0.0029962,
      -0.0214203,
      -0.0364449
    ],
    [
      -0.0234767,
      0.0447621,
      -0.0243505
    ],
    [
      -0.0631861,
      -0.0131475,
      -0.0117615
    ],
    [
      0.0624308,
      0.0050526,
      -0.0132071
    ],
    [
      0.0129236,
      -0.0727116,
      0.004416
    ],
    [
      -0.018513,
      0.0798491,
      0.0331205
    ],
    [
      0.0741422,
      0.0298711,
      0.0353114
    ],
    [
      -0.074768,
      -0.0214203,
      0.0370219
    ],
    [
      -0.030279,
      -0.0528569,
      -0.0148617
    ],
    [
      0.0228509,
      0.0282165,
      -0.0328036
    ]
  ]
}