{
  "obj_id": 10,
  "num_keypoints": 15,
  "keypoints_3D": [
    [
      0.00019592,
      0.00063804,
      0.00023821
    ],
    [
      0.0391349,
      0.011601,
      -0.0239408
    ],
    [
      -0.0734333,
      -0.0309207,
      -0.0002043
    ],
    [
      -0.0292001,
      0.0452791,
      0.0290616
    ],
    [
      0.004209,
      -0.0427445,
      0.0309551
    ],
    [
      -0.0567928,
      0.0297865,
      -0.0337575
    ],
    [
      0.0630991,
      -0.0466746,
      -0.0012703
    ],
    [
      -0.0149766,
      -0.0268483,
      -0.0323674
    ],
    [
      0.0444272,
      0.0400844,
      0.0331058
    ],
    [
      -0.0055014,
      0.042452,
      -0.0201714
    ],
    [
      -0.0375159,
      -0.0081735,
      0.0333421
    ],
    [
      0.0470598,
      -0.0114269,
      0.0341716
    ],
    [
      -0.0714299,
      0.0214487,
      0.0126935
    ],
    [
      0.0055787,
      0.0114787,
      0.0325188
    ],
    [
      0.0746723,
      0.017961,
      0.0053494
    ]
  ]
}