{
  "obj_id": 1,
  "num_keypoints": 15,
  "keypoints_3D": [
    [
      -0.00188566,
      -0.00191034,
      -0.01075015
    ],
    [
      -0.0203664,
      0.0193442,
      -0.0076361
    ],
    [
      0.0356255,
      -0.0169712,
      -0.044263
    ],
    [
      0.0075111,
      -0.0044303,
      0.0414566
    ],
    [
      -0.001604,
      -0.0339459,
      -0.0054867
    ],
    [
      -0.0266571,
      -0.0139838,
      -0.0430416
    ],
    [
      0.0102731,
      0.0201762,
      -0.0407712
    ],
    [
      0.0139023,
      0.0178718,
      0.0098713
    ],
    [
      -0.0207606,
      -0.0098099,
      0.0161704
    ],
    [
      0.0300282,
      -0.0213168,
      -0.0104571
    ],
    [
      0.0043648,
      -0.0272656,
      -0.0387991
    ],
    [
      -0.0226127,
      0.0178226,
      -0.0398794
    ],
    [
      -0.0352885,
      -0.0092208,
      -0.0120545
    ],
    [
      0.0046317,
      0.0356367,
      -0.013914
    ],
    [
      0.0123733,
      0.0024986,
      -0.016529
    ]
  ]
}