{
  "obj_id": 13,
  "num_keypoints": 15,
  "keypoints_3D": [
    [
      -0.0133363,
      -0.00087066,
      -0.01882368
    ],
    [
      -0.0113506,
      -0.0379226,
      -0.0112949
    ],
    [
      0.127495,
      -0.0002632,
      -0.0679833
    ],
    [
      -0.127028,
      0.0449615,
      -0.0373693
    ],
    [
      -0.107902,
      -0.0014071,
      0.0697612
    ],
    [
      0.0800632,
      0.0007081,
      0.0383604
    ],
    [
      0.0288828,
      0.0490412,
      -0.065602
    ],
    [
      -0.0997896,
      -0.047943,
      -0.0506508
    ],
    [
      -0.0420713,
      0.0437073,
      -0.0135953
    ],
    [
      -0.0216835,
      0.0057878,
      0.0625302
    ],
    [
      0.0544679,
      -0.0457133,
      -0.0666417
    ],
    [
      -0.043812,
      -0.0039539,
      -0.0683523
    ],
    [
      -0.0776228,
      -0.0339668,
      0.0154654
    ],
    [
      0.0293896,
      0.0178346,
      -0.0056495
    ],
    [
      -0.0958098,
      0.033774,
      0.0179951
    ]
  ]
}